"OBJECTID","ID_0","ISO","NAME_0","ID_1","NAME_1","ID_2","NAME_2","HASC_2","CCN_2","CCA_2","TYPE_2","ENGTYPE_2","NL_NAME_2","VARNAME_2"
1,169,"NOR","Norway",1,"Ãstfold",1,"Aremark","NO.OF.AR",NA,"","Kommuner","Municipality","",""
2,169,"NOR","Norway",1,"Ãstfold",2,"Askim","NO.OF.AS",NA,"","Kommuner","Municipality","",""
3,169,"NOR","Norway",1,"Ãstfold",3,"Borge","",NA,"","Kommuner","Municipality","",""
4,169,"NOR","Norway",1,"Ãstfold",4,"Eidsberg","NO.OF.EI",NA,"","Kommuner","Municipality","",""
5,169,"NOR","Norway",1,"Ãstfold",5,"Fredrikstad","NO.OF.FR",NA,"","Kommuner","Municipality","",""
6,169,"NOR","Norway",1,"Ãstfold",6,"Halden","NO.OF.HA",NA,"","Kommuner","Municipality","",""
7,169,"NOR","Norway",1,"Ãstfold",7,"Hobøl","NO.OF.HO",NA,"","Kommuner","Municipality","",""
8,169,"NOR","Norway",1,"Ãstfold",8,"Hvaler","NO.OF.HV",NA,"","Kommuner","Municipality","",""
9,169,"NOR","Norway",1,"Ãstfold",9,"Kraakeroey","",NA,"","Kommuner","Municipality","",""
10,169,"NOR","Norway",1,"Ãstfold",10,"Marker","NO.OF.MA",NA,"","Kommuner","Municipality","",""
11,169,"NOR","Norway",1,"Ãstfold",11,"Moss","NO.OF.MO",NA,"","Kommuner","Municipality","",""
12,169,"NOR","Norway",1,"Ãstfold",12,"Onsoey","",NA,"","Kommuner","Municipality","",""
13,169,"NOR","Norway",1,"Ãstfold",13,"Rømskog","NO.OF.RO",NA,"","Kommuner","Municipality","",""
14,169,"NOR","Norway",1,"Ãstfold",14,"Råde","NO.OF.RD",NA,"","Kommuner","Municipality","",""
15,169,"NOR","Norway",1,"Ãstfold",15,"Rakkestad","NO.OF.RK",NA,"","Kommuner","Municipality","",""
16,169,"NOR","Norway",1,"Ãstfold",16,"Rolvsoey","NO.OF",NA,"","Kommuner","Municipality","",""
17,169,"NOR","Norway",1,"Ãstfold",17,"Rygge","NO.OF.RY",NA,"","Kommuner","Municipality","",""
18,169,"NOR","Norway",1,"Ãstfold",18,"Sarpsborg","NO.OF.SA",NA,"","Kommuner","Municipality","",""
19,169,"NOR","Norway",1,"Ãstfold",19,"Skiptvet","NO.OF.SK",NA,"","Kommuner","Municipality","","Skiptvedt"
20,169,"NOR","Norway",1,"Ãstfold",20,"Spydeberg","NO.OF.SP",NA,"","Kommuner","Municipality","",""
21,169,"NOR","Norway",1,"Ãstfold",21,"Trøgstad","NO.OF.TR",NA,"","Kommuner","Municipality","",""
22,169,"NOR","Norway",1,"Ãstfold",22,"Våler","NO.HE.VA",NA,"","Kommuner","Municipality","",""
23,169,"NOR","Norway",2,"Akershus",23,"Ås","NO.AK.AS",NA,"","Kommuner","Municipality","",""
24,169,"NOR","Norway",2,"Akershus",24,"Asker","NO.AK.AK",NA,"","Kommuner","Municipality","",""
25,169,"NOR","Norway",2,"Akershus",25,"Aurskog-Høland","NO.AK.AH",NA,"","Kommuner","Municipality","",""
26,169,"NOR","Norway",2,"Akershus",26,"Bærum","NO.AK.BA",NA,"","Kommuner","Municipality","",""
27,169,"NOR","Norway",2,"Akershus",27,"Eidsvoll","NO.AK.EI",NA,"","Kommuner","Municipality","",""
28,169,"NOR","Norway",2,"Akershus",28,"Enebakk","NO.AK.EN",NA,"","Kommuner","Municipality","",""
29,169,"NOR","Norway",2,"Akershus",29,"Fet","NO.AK.FE",NA,"","Kommuner","Municipality","",""
30,169,"NOR","Norway",2,"Akershus",30,"Frogn","NO.AK.FR",NA,"","Kommuner","Municipality","",""
31,169,"NOR","Norway",2,"Akershus",31,"Gjerdrum","NO.AK.GJ",NA,"","Kommuner","Municipality","",""
32,169,"NOR","Norway",2,"Akershus",32,"Hurdal","NO.AK.HU",NA,"","Kommuner","Municipality","",""
33,169,"NOR","Norway",2,"Akershus",33,"Lørenskog","NO.AK.LO",NA,"","Kommuner","Municipality","",""
34,169,"NOR","Norway",2,"Akershus",34,"Nannestad","NO.AK.NA",NA,"","Kommuner","Municipality","",""
35,169,"NOR","Norway",2,"Akershus",35,"Nesodden","NO.AK.NS",NA,"","Kommuner","Municipality","",""
36,169,"NOR","Norway",2,"Akershus",36,"Nittedal","NO.AK.NI",NA,"","Kommuner","Municipality","",""
37,169,"NOR","Norway",2,"Akershus",37,"Oppegård","NO.AK.OP",NA,"","Kommuner","Municipality","",""
38,169,"NOR","Norway",2,"Akershus",38,"Rælingen","NO.AK.RA",NA,"","Kommuner","Municipality","",""
39,169,"NOR","Norway",2,"Akershus",39,"Sørum","NO.AK.SO",NA,"","Kommuner","Municipality","",""
40,169,"NOR","Norway",2,"Akershus",40,"Skedsmo","NO.AK.SM",NA,"","Kommuner","Municipality","",""
41,169,"NOR","Norway",2,"Akershus",41,"Ski","NO.AK.SK",NA,"","Kommuner","Municipality","",""
42,169,"NOR","Norway",2,"Akershus",42,"Ullensaker","NO.AK.UL",NA,"","Kommuner","Municipality","",""
43,169,"NOR","Norway",2,"Akershus",43,"Vestby","NO.AK.VE",NA,"","Kommuner","Municipality","",""
44,169,"NOR","Norway",3,"Aust-Agder",44,"Åmli","NO.AA.AM",NA,"","Kommuner","Municipality","",""
45,169,"NOR","Norway",3,"Aust-Agder",45,"Arendal","NO.AA.AR",NA,"","Kommuner","Municipality","",""
46,169,"NOR","Norway",3,"Aust-Agder",46,"Birkenes","NO.AA.BI",NA,"","Kommuner","Municipality","",""
47,169,"NOR","Norway",3,"Aust-Agder",47,"Bygland","NO.AA.BG",NA,"","Kommuner","Municipality","",""
48,169,"NOR","Norway",3,"Aust-Agder",48,"Bykle","NO.AA.BK",NA,"","Kommuner","Municipality","",""
49,169,"NOR","Norway",3,"Aust-Agder",49,"Evje og Hornnes","NO.AA.EH",NA,"","Kommuner","Municipality","",""
50,169,"NOR","Norway",3,"Aust-Agder",50,"Froland","NO.AA.FR",NA,"","Kommuner","Municipality","",""
51,169,"NOR","Norway",3,"Aust-Agder",51,"Gjerstad","NO.AA.GJ",NA,"","Kommuner","Municipality","",""
52,169,"NOR","Norway",3,"Aust-Agder",52,"Grimstad","NO.AA.GR",NA,"","Kommuner","Municipality","",""
53,169,"NOR","Norway",3,"Aust-Agder",53,"Iveland","NO.AA.IV",NA,"","Kommuner","Municipality","",""
54,169,"NOR","Norway",3,"Aust-Agder",54,"Lillesand","NO.AA.LI",NA,"","Kommuner","Municipality","",""
55,169,"NOR","Norway",3,"Aust-Agder",55,"Risør","NO.AA.RI",NA,"","Kommuner","Municipality","",""
56,169,"NOR","Norway",3,"Aust-Agder",56,"Tvedestrand","NO.AA.TV",NA,"","Kommuner","Municipality","",""
57,169,"NOR","Norway",3,"Aust-Agder",57,"Valle","NO.AA.VA",NA,"","Kommuner","Municipality","",""
58,169,"NOR","Norway",3,"Aust-Agder",58,"Vegårshei","NO.AA.VE",NA,"","Kommuner","Municipality","","Vegårshei|Vegårdshei"
59,169,"NOR","Norway",4,"Buskerud",59,"Øvre Eiker","NO.BU.OE",NA,"","Kommuner","Municipality","",""
60,169,"NOR","Norway",4,"Buskerud",60,"Ål","NO.BU.AL",NA,"","Kommuner","Municipality","",""
61,169,"NOR","Norway",4,"Buskerud",61,"Drammen","NO.BU.DR",NA,"","Kommuner","Municipality","",""
62,169,"NOR","Norway",4,"Buskerud",62,"Flå","NO.BU.FL",NA,"","Kommuner","Municipality","",""
63,169,"NOR","Norway",4,"Buskerud",63,"Flesberg","NO.BU.FB",NA,"","Kommuner","Municipality","",""
64,169,"NOR","Norway",4,"Buskerud",64,"Gol","NO.BU.GO",NA,"","Kommuner","Municipality","",""
65,169,"NOR","Norway",4,"Buskerud",65,"Hemsedal","NO.BU.HD",NA,"","Kommuner","Municipality","",""
66,169,"NOR","Norway",4,"Buskerud",66,"Hole","NO.BU.HE",NA,"","Kommuner","Municipality","",""
67,169,"NOR","Norway",4,"Buskerud",67,"Hol","NO.BU.HL",NA,"","Kommuner","Municipality","",""
68,169,"NOR","Norway",4,"Buskerud",68,"Hurum","NO.BU.HU",NA,"","Kommuner","Municipality","",""
69,169,"NOR","Norway",4,"Buskerud",69,"Kongsberg","NO.BU.KO",NA,"","Kommuner","Municipality","",""
70,169,"NOR","Norway",4,"Buskerud",70,"Krødsherad","NO.BU.KR",NA,"","Kommuner","Municipality","",""
71,169,"NOR","Norway",4,"Buskerud",71,"Lier","NO.BU.LI",NA,"","Kommuner","Municipality","",""
72,169,"NOR","Norway",4,"Buskerud",72,"Modum","NO.BU.MO",NA,"","Kommuner","Municipality","",""
73,169,"NOR","Norway",4,"Buskerud",73,"Nedre Eiker","NO.BU.NE",NA,"","Kommuner","Municipality","",""
74,169,"NOR","Norway",4,"Buskerud",74,"Nes","NO.BU.NS",NA,"","Kommuner","Municipality","",""
75,169,"NOR","Norway",4,"Buskerud",75,"Nore og Uvdal","NO.BU.NU",NA,"","Kommuner","Municipality","",""
76,169,"NOR","Norway",4,"Buskerud",76,"Røyken","NO.BU.RK",NA,"","Kommuner","Municipality","",""
77,169,"NOR","Norway",4,"Buskerud",77,"Ringerike","NO.BU.RI",NA,"","Kommuner","Municipality","",""
78,169,"NOR","Norway",4,"Buskerud",78,"Rollag","NO.BU.RL",NA,"","Kommuner","Municipality","",""
79,169,"NOR","Norway",4,"Buskerud",79,"Sigdal","NO.BU.SI",NA,"","Kommuner","Municipality","",""
80,169,"NOR","Norway",5,"Finnmark",80,"Alta","NO.FI.AL",NA,"","Kommuner","Municipality","",""
81,169,"NOR","Norway",5,"Finnmark",81,"Båtsfjord","NO.FI.BA",NA,"","Kommuner","Municipality","",""
82,169,"NOR","Norway",5,"Finnmark",82,"Berlevåg","NO.FI.BE",NA,"","Kommuner","Municipality","",""
83,169,"NOR","Norway",5,"Finnmark",83,"Gamvik","NO.FI.GA",NA,"","Kommuner","Municipality","",""
84,169,"NOR","Norway",5,"Finnmark",84,"Hammerfest","NO.FI.HF",NA,"","Kommuner","Municipality","",""
85,169,"NOR","Norway",5,"Finnmark",85,"Hasvik","NO.FI.HV",NA,"","Kommuner","Municipality","",""
86,169,"NOR","Norway",5,"Finnmark",86,"Karasjok","NO.FI.KS",NA,"","Kommuner","Municipality","",""
87,169,"NOR","Norway",5,"Finnmark",87,"Kautokeino","NO.FI.KK",NA,"","Kommuner","Municipality","","Guovdageaidnu"
88,169,"NOR","Norway",5,"Finnmark",88,"Kvalsund","NO.FI.KV",NA,"","Kommuner","Municipality","",""
89,169,"NOR","Norway",5,"Finnmark",89,"Lebesby","NO.FI.LE",NA,"","Kommuner","Municipality","",""
90,169,"NOR","Norway",5,"Finnmark",90,"Loppa","NO.FI.LO",NA,"","Kommuner","Municipality","",""
91,169,"NOR","Norway",5,"Finnmark",91,"Måsøy","NO.FI.MA",NA,"","Kommuner","Municipality","",""
92,169,"NOR","Norway",5,"Finnmark",92,"Nesseby","NO.FI.NE",NA,"","Kommuner","Municipality","","Unjárga"
93,169,"NOR","Norway",5,"Finnmark",93,"Nordkapp","NO.FI.NO",NA,"","Kommuner","Municipality","",""
94,169,"NOR","Norway",5,"Finnmark",94,"Porsanger","NO.FI.PO",NA,"","Kommuner","Municipality","","Porsá<U+014B>gu"
95,169,"NOR","Norway",5,"Finnmark",95,"Sør-Varanger","NO.FI.SV",NA,"","Kommuner","Municipality","",""
96,169,"NOR","Norway",5,"Finnmark",96,"Tana","NO.FI.TA",NA,"","Kommuner","Municipality","","Deatnu"
97,169,"NOR","Norway",5,"Finnmark",97,"Vadsø","NO.FI.VS",NA,"","Kommuner","Municipality","",""
98,169,"NOR","Norway",5,"Finnmark",98,"Vardø","NO.FI.VR",NA,"","Kommuner","Municipality","",""
99,169,"NOR","Norway",6,"Hedmark",99,"Åmot","NO.HE.AM",NA,"","Kommuner","Municipality","",""
100,169,"NOR","Norway",6,"Hedmark",100,"Åsnes","NO.HE.AS",NA,"","Kommuner","Municipality","",""
101,169,"NOR","Norway",6,"Hedmark",101,"Alvdal","NO.HE.AL",NA,"","Kommuner","Municipality","",""
102,169,"NOR","Norway",6,"Hedmark",102,"Eidskog","NO.HE.EI",NA,"","Kommuner","Municipality","",""
103,169,"NOR","Norway",6,"Hedmark",103,"Elverum","NO.HE.EL",NA,"","Kommuner","Municipality","",""
104,169,"NOR","Norway",6,"Hedmark",104,"Engerdal","NO.HE.EN",NA,"","Kommuner","Municipality","",""
105,169,"NOR","Norway",6,"Hedmark",105,"Folldal","NO.HE.FO",NA,"","Kommuner","Municipality","",""
106,169,"NOR","Norway",6,"Hedmark",106,"Grue","NO.HE.GR",NA,"","Kommuner","Municipality","",""
107,169,"NOR","Norway",6,"Hedmark",107,"Hamar","NO.HE.HA",NA,"","Kommuner","Municipality","",""
108,169,"NOR","Norway",6,"Hedmark",108,"Kongsvinger","NO.HE.KO",NA,"","Kommuner","Municipality","",""
109,169,"NOR","Norway",6,"Hedmark",109,"Løten","NO.HE.LO",NA,"","Kommuner","Municipality","",""
110,169,"NOR","Norway",6,"Hedmark",110,"Nord-Odal","NO.HE.NO",NA,"","Kommuner","Municipality","",""
111,169,"NOR","Norway",6,"Hedmark",111,"Os","NO.HE.OS",NA,"","Kommuner","Municipality","",""
112,169,"NOR","Norway",6,"Hedmark",112,"Rendalen","NO.HE.RE",NA,"","Kommuner","Municipality","",""
113,169,"NOR","Norway",6,"Hedmark",113,"Ringsaker","NO.HE.RI",NA,"","Kommuner","Municipality","",""
114,169,"NOR","Norway",6,"Hedmark",114,"Sør-Odal","NO.HE.SO",NA,"","Kommuner","Municipality","",""
115,169,"NOR","Norway",6,"Hedmark",115,"Stange","NO.HE.ST",NA,"","Kommuner","Municipality","",""
116,169,"NOR","Norway",6,"Hedmark",116,"Stor-Elvdal","NO.HE.SE",NA,"","Kommuner","Municipality","",""
117,169,"NOR","Norway",6,"Hedmark",117,"Tolga","NO.HE.TO",NA,"","Kommuner","Municipality","",""
118,169,"NOR","Norway",6,"Hedmark",118,"Trysil","NO.HE.TR",NA,"","Kommuner","Municipality","",""
119,169,"NOR","Norway",6,"Hedmark",119,"Tynset","NO.HE.TY",NA,"","Kommuner","Municipality","",""
120,169,"NOR","Norway",6,"Hedmark",120,"Våler","NO.HE.VA",NA,"","Kommuner","Municipality","",""
121,169,"NOR","Norway",7,"Hordaland",121,"Øygarden","NO.HO.OY",NA,"","Kommuner","Municipality","",""
122,169,"NOR","Norway",7,"Hordaland",122,"Askøy","NO.HO.AS",NA,"","Kommuner","Municipality","",""
123,169,"NOR","Norway",7,"Hordaland",123,"Austevoll","NO.HO.AV",NA,"","Kommuner","Municipality","",""
124,169,"NOR","Norway",7,"Hordaland",124,"Austrheim","NO.HO.AH",NA,"","Kommuner","Municipality","",""
125,169,"NOR","Norway",7,"Hordaland",125,"Bømlo","NO.HO.BO",NA,"","Kommuner","Municipality","",""
126,169,"NOR","Norway",7,"Hordaland",126,"Bergen","NO.HO.BE",NA,"","Kommuner","Municipality","",""
127,169,"NOR","Norway",7,"Hordaland",127,"Eidfjord","NO.HO.EI",NA,"","Kommuner","Municipality","",""
128,169,"NOR","Norway",7,"Hordaland",128,"Etne","NO.HO.ET",NA,"","Kommuner","Municipality","",""
129,169,"NOR","Norway",7,"Hordaland",129,"Fedje","NO.HO.FE",NA,"","Kommuner","Municipality","",""
130,169,"NOR","Norway",7,"Hordaland",130,"Fitjar","NO.HO.FI",NA,"","Kommuner","Municipality","",""
131,169,"NOR","Norway",7,"Hordaland",131,"Fjell","NO.HO.FJ",NA,"","Kommuner","Municipality","",""
132,169,"NOR","Norway",7,"Hordaland",132,"Fusa","NO.HO.FU",NA,"","Kommuner","Municipality","",""
133,169,"NOR","Norway",7,"Hordaland",133,"Granvin","NO.HO.GR",NA,"","Kommuner","Municipality","",""
134,169,"NOR","Norway",7,"Hordaland",134,"Jondal","NO.HO.JO",NA,"","Kommuner","Municipality","",""
135,169,"NOR","Norway",7,"Hordaland",135,"Kvam","NO.HO.KM",NA,"","Kommuner","Municipality","",""
136,169,"NOR","Norway",7,"Hordaland",136,"Kvinnherad","NO.HO.KN",NA,"","Kommuner","Municipality","",""
137,169,"NOR","Norway",7,"Hordaland",137,"Lindås","NO.HO.LI",NA,"","Kommuner","Municipality","",""
138,169,"NOR","Norway",7,"Hordaland",138,"Masfjorden","NO.HO.MA",NA,"","Kommuner","Municipality","",""
139,169,"NOR","Norway",7,"Hordaland",139,"Meland","NO.HO.ME",NA,"","Kommuner","Municipality","",""
140,169,"NOR","Norway",7,"Hordaland",140,"Modalen","NO.HO.MO",NA,"","Kommuner","Municipality","",""
141,169,"NOR","Norway",7,"Hordaland",141,"Odda","NO.HO.OD",NA,"","Kommuner","Municipality","",""
142,169,"NOR","Norway",7,"Hordaland",142,"Oelen","NO.HO.OL",NA,"","Kommuner","Municipality","",""
143,169,"NOR","Norway",7,"Hordaland",143,"Os","NO.HE.OS",NA,"","Kommuner","Municipality","",""
144,169,"NOR","Norway",7,"Hordaland",144,"Osterøy","NO.HO.OT",NA,"","Kommuner","Municipality","",""
145,169,"NOR","Norway",7,"Hordaland",145,"Radøy","NO.HO.RA",NA,"","Kommuner","Municipality","",""
146,169,"NOR","Norway",7,"Hordaland",146,"Samnanger","NO.HO.SA",NA,"","Kommuner","Municipality","",""
147,169,"NOR","Norway",7,"Hordaland",147,"Stord","NO.HO.ST",NA,"","Kommuner","Municipality","",""
148,169,"NOR","Norway",7,"Hordaland",148,"Sund","NO.HO.SU",NA,"","Kommuner","Municipality","",""
149,169,"NOR","Norway",7,"Hordaland",149,"Sveio","NO.HO.SV",NA,"","Kommuner","Municipality","",""
150,169,"NOR","Norway",7,"Hordaland",150,"Tysnes","NO.HO.TY",NA,"","Kommuner","Municipality","",""
151,169,"NOR","Norway",7,"Hordaland",151,"Ullensvang","NO.HO.UL",NA,"","Kommuner","Municipality","",""
152,169,"NOR","Norway",7,"Hordaland",152,"Ulvik","NO.HO.UV",NA,"","Kommuner","Municipality","",""
153,169,"NOR","Norway",7,"Hordaland",153,"Vaksdal","NO.HO.VA",NA,"","Kommuner","Municipality","",""
154,169,"NOR","Norway",7,"Hordaland",154,"Voss","NO.HO.VO",NA,"","Kommuner","Municipality","",""
155,169,"NOR","Norway",8,"Møre og Romsdal",155,"Ørskog","NO.MR.OK",NA,"","Kommuner","Municipality","",""
156,169,"NOR","Norway",8,"Møre og Romsdal",156,"Ørsta","NO.MR.OT",NA,"","Kommuner","Municipality","",""
157,169,"NOR","Norway",8,"Møre og Romsdal",157,"Ålesund","NO.MR.AL",NA,"","Kommuner","Municipality","",""
158,169,"NOR","Norway",8,"Møre og Romsdal",158,"Aukra","NO.MR.AK",NA,"","Kommuner","Municipality","",""
159,169,"NOR","Norway",8,"Møre og Romsdal",159,"Aure","NO.MR.AR",NA,"","Kommuner","Municipality","",""
160,169,"NOR","Norway",8,"Møre og Romsdal",160,"Averøy","NO.MR.AV",NA,"","Kommuner","Municipality","",""
161,169,"NOR","Norway",8,"Møre og Romsdal",161,"Eide","NO.MR.EI",NA,"","Kommuner","Municipality","",""
162,169,"NOR","Norway",8,"Møre og Romsdal",162,"Fræna","NO.MR.FN",NA,"","Kommuner","Municipality","",""
163,169,"NOR","Norway",8,"Møre og Romsdal",163,"Frei","NO.MR.FR",NA,"","Kommuner","Municipality","",""
164,169,"NOR","Norway",8,"Møre og Romsdal",164,"Giske","NO.MR.GI",NA,"","Kommuner","Municipality","",""
165,169,"NOR","Norway",8,"Møre og Romsdal",165,"Gjemnes","NO.MR.GJ",NA,"","Kommuner","Municipality","",""
166,169,"NOR","Norway",8,"Møre og Romsdal",166,"Halsa","NO.MR.HL",NA,"","Kommuner","Municipality","",""
167,169,"NOR","Norway",8,"Møre og Romsdal",167,"Haram","NO.MR.HM",NA,"","Kommuner","Municipality","",""
168,169,"NOR","Norway",8,"Møre og Romsdal",168,"Hareid","NO.MR.HD",NA,"","Kommuner","Municipality","",""
169,169,"NOR","Norway",8,"Møre og Romsdal",169,"Herøy","NO.MR.HE",NA,"","Kommuner","Municipality","",""
170,169,"NOR","Norway",8,"Møre og Romsdal",170,"Kristiansund","NO.MR.KR",NA,"","Kommuner","Municipality","",""
171,169,"NOR","Norway",8,"Møre og Romsdal",171,"Midsund","NO.MR.MI",NA,"","Kommuner","Municipality","",""
172,169,"NOR","Norway",8,"Møre og Romsdal",172,"Molde","NO.MR.MO",NA,"","Kommuner","Municipality","",""
173,169,"NOR","Norway",8,"Møre og Romsdal",173,"Nesset","NO.MR.NE",NA,"","Kommuner","Municipality","",""
174,169,"NOR","Norway",8,"Møre og Romsdal",174,"Norddal","NO.MR.NO",NA,"","Kommuner","Municipality","",""
175,169,"NOR","Norway",8,"Møre og Romsdal",175,"Rauma","NO.MR.RA",NA,"","Kommuner","Municipality","",""
176,169,"NOR","Norway",8,"Møre og Romsdal",176,"Rindal","NO.MR.RI",NA,"","Kommuner","Municipality","",""
177,169,"NOR","Norway",8,"Møre og Romsdal",177,"Sandøy","NO.MR.SN",NA,"","Kommuner","Municipality","",""
178,169,"NOR","Norway",8,"Møre og Romsdal",178,"Sande","NO.MR.SA",NA,"","Kommuner","Municipality","",""
179,169,"NOR","Norway",8,"Møre og Romsdal",179,"Skodje","NO.MR.SK",NA,"","Kommuner","Municipality","",""
180,169,"NOR","Norway",8,"Møre og Romsdal",180,"Smøla","NO.MR.SM",NA,"","Kommuner","Municipality","",""
181,169,"NOR","Norway",8,"Møre og Romsdal",181,"Stordal","NO.MR.SD",NA,"","Kommuner","Municipality","",""
182,169,"NOR","Norway",8,"Møre og Romsdal",182,"Stranda","NO.MR.ST",NA,"","Kommuner","Municipality","",""
183,169,"NOR","Norway",8,"Møre og Romsdal",183,"Sula","NO.MR.SU",NA,"","Kommuner","Municipality","",""
184,169,"NOR","Norway",8,"Møre og Romsdal",184,"Sunndal","NO.MR.SL",NA,"","Kommuner","Municipality","",""
185,169,"NOR","Norway",8,"Møre og Romsdal",185,"Surnadal","NO.MR.SR",NA,"","Kommuner","Municipality","",""
186,169,"NOR","Norway",8,"Møre og Romsdal",186,"Sykkylven","NO.MR.SY",NA,"","Kommuner","Municipality","",""
187,169,"NOR","Norway",8,"Møre og Romsdal",187,"Tingvoll","NO.MR.TI",NA,"","Kommuner","Municipality","",""
188,169,"NOR","Norway",8,"Møre og Romsdal",188,"Tustna","NO.MR.TU",NA,"","Kommuner","Municipality","",""
189,169,"NOR","Norway",8,"Møre og Romsdal",189,"Ulstein","NO.MR.UL",NA,"","Kommuner","Municipality","",""
190,169,"NOR","Norway",8,"Møre og Romsdal",190,"Vanylven","NO.MR.VA",NA,"","Kommuner","Municipality","",""
191,169,"NOR","Norway",8,"Møre og Romsdal",191,"Vestnes","NO.MR.VE",NA,"","Kommuner","Municipality","",""
192,169,"NOR","Norway",8,"Møre og Romsdal",192,"Volda","NO.MR.VO",NA,"","Kommuner","Municipality","",""
193,169,"NOR","Norway",9,"Nord-Trøndelag",193,"Flatanger","NO.NT.FL",NA,"","Kommuner","Municipality","",""
194,169,"NOR","Norway",9,"Nord-Trøndelag",194,"Fosnes","NO.NT.FO",NA,"","Kommuner","Municipality","",""
195,169,"NOR","Norway",9,"Nord-Trøndelag",195,"Frosta","NO.NT.FR",NA,"","Kommuner","Municipality","",""
196,169,"NOR","Norway",9,"Nord-Trøndelag",196,"Grong","NO.NT.GR",NA,"","Kommuner","Municipality","",""
197,169,"NOR","Norway",9,"Nord-Trøndelag",197,"Høylandet","NO.NT.HO",NA,"","Kommuner","Municipality","",""
198,169,"NOR","Norway",9,"Nord-Trøndelag",198,"Inderøy","NO.NT.IN",NA,"","Kommuner","Municipality","",""
199,169,"NOR","Norway",9,"Nord-Trøndelag",199,"Leka","NO.NT.LE",NA,"","Kommuner","Municipality","",""
200,169,"NOR","Norway",9,"Nord-Trøndelag",200,"Leksvik","NO.NT.LK",NA,"","Kommuner","Municipality","",""
201,169,"NOR","Norway",9,"Nord-Trøndelag",201,"Levanger","NO.NT.LV",NA,"","Kommuner","Municipality","",""
202,169,"NOR","Norway",9,"Nord-Trøndelag",202,"Lierne","NO.NT.LI",NA,"","Kommuner","Municipality","",""
203,169,"NOR","Norway",9,"Nord-Trøndelag",203,"Mandalseid","",NA,"","Kommuner","Municipality","",""
204,169,"NOR","Norway",9,"Nord-Trøndelag",204,"Meråker","NO.NT.ME",NA,"","Kommuner","Municipality","",""
205,169,"NOR","Norway",9,"Nord-Trøndelag",205,"Mosvik","NO.NT.MO",NA,"","Kommuner","Municipality","",""
206,169,"NOR","Norway",9,"Nord-Trøndelag",206,"Nærøy","NO.NT.NR",NA,"","Kommuner","Municipality","",""
207,169,"NOR","Norway",9,"Nord-Trøndelag",207,"Namsos","NO.NT.NM",NA,"","Kommuner","Municipality","",""
208,169,"NOR","Norway",9,"Nord-Trøndelag",208,"Namsskogan","NO.NT.NS",NA,"","Kommuner","Municipality","",""
209,169,"NOR","Norway",9,"Nord-Trøndelag",209,"Overhalla","NO.NT.OV",NA,"","Kommuner","Municipality","",""
210,169,"NOR","Norway",9,"Nord-Trøndelag",210,"Røyrvik","NO.NT.RO",NA,"","Kommuner","Municipality","",""
211,169,"NOR","Norway",9,"Nord-Trøndelag",211,"Snåsa","NO.NT.SN",NA,"","Kommuner","Municipality","",""
212,169,"NOR","Norway",9,"Nord-Trøndelag",212,"Steinkjer","NO.NT.ST",NA,"","Kommuner","Municipality","",""
213,169,"NOR","Norway",9,"Nord-Trøndelag",213,"Stjørdal","NO.NT.SD",NA,"","Kommuner","Municipality","",""
214,169,"NOR","Norway",9,"Nord-Trøndelag",214,"Verdal","NO.NT.VD",NA,"","Kommuner","Municipality","",""
215,169,"NOR","Norway",9,"Nord-Trøndelag",215,"Verran","NO.NT.VR",NA,"","Kommuner","Municipality","",""
216,169,"NOR","Norway",9,"Nord-Trøndelag",216,"Vikna","NO.NT.VI",NA,"","Kommuner","Municipality","",""
217,169,"NOR","Norway",10,"Nordland",217,"Øksnes","NO.NO.OK",NA,"","Kommuner","Municipality","",""
218,169,"NOR","Norway",10,"Nordland",218,"Alstahaug","NO.NO.AL",NA,"","Kommuner","Municipality","",""
219,169,"NOR","Norway",10,"Nordland",219,"Andøy","NO.NO.AN",NA,"","Kommuner","Municipality","",""
220,169,"NOR","Norway",10,"Nordland",220,"Bø","NO.NO.BO",NA,"","Kommuner","Municipality","",""
221,169,"NOR","Norway",10,"Nordland",221,"Ballangen","NO.NO.BA",NA,"","Kommuner","Municipality","",""
222,169,"NOR","Norway",10,"Nordland",222,"Beiarn","NO.NO.BE",NA,"","Kommuner","Municipality","",""
223,169,"NOR","Norway",10,"Nordland",223,"Bindal","NO.NO.BI",NA,"","Kommuner","Municipality","",""
224,169,"NOR","Norway",10,"Nordland",224,"Bodø","NO.NO.BD",NA,"","Kommuner","Municipality","",""
225,169,"NOR","Norway",10,"Nordland",225,"Brønnøy","NO.NO.BR",NA,"","Kommuner","Municipality","",""
226,169,"NOR","Norway",10,"Nordland",226,"Dønna","NO.NO.DO",NA,"","Kommuner","Municipality","",""
227,169,"NOR","Norway",10,"Nordland",227,"Evenes","NO.NO.EV",NA,"","Kommuner","Municipality","",""
228,169,"NOR","Norway",10,"Nordland",228,"Fauske","NO.NO.FA",NA,"","Kommuner","Municipality","",""
229,169,"NOR","Norway",10,"Nordland",229,"Flakstad","NO.NO.FL",NA,"","Kommuner","Municipality","",""
230,169,"NOR","Norway",10,"Nordland",230,"Gildeskål","NO.NO.GI",NA,"","Kommuner","Municipality","",""
231,169,"NOR","Norway",10,"Nordland",231,"Grane","NO.NO.GR",NA,"","Kommuner","Municipality","",""
232,169,"NOR","Norway",10,"Nordland",232,"Hadsel","NO.NO.HD",NA,"","Kommuner","Municipality","",""
233,169,"NOR","Norway",10,"Nordland",233,"Hamarøy","NO.NO.HA",NA,"","Kommuner","Municipality","",""
234,169,"NOR","Norway",10,"Nordland",234,"Hattfjelldal","NO.NO.HF",NA,"","Kommuner","Municipality","",""
235,169,"NOR","Norway",10,"Nordland",235,"Hemnes","NO.NO.HM",NA,"","Kommuner","Municipality","",""
236,169,"NOR","Norway",10,"Nordland",236,"Herøy","NO.NO.HR",NA,"","Kommuner","Municipality","",""
237,169,"NOR","Norway",10,"Nordland",237,"Lødingen","NO.NO.LO",NA,"","Kommuner","Municipality","",""
238,169,"NOR","Norway",10,"Nordland",238,"Leirfjord","NO.NO.LE",NA,"","Kommuner","Municipality","",""
239,169,"NOR","Norway",10,"Nordland",239,"Lurøy","NO.NO.LU",NA,"","Kommuner","Municipality","",""
240,169,"NOR","Norway",10,"Nordland",240,"Meløy","NO.NO.ME",NA,"","Kommuner","Municipality","",""
241,169,"NOR","Norway",10,"Nordland",241,"Moskenes","NO.NO.MO",NA,"","Kommuner","Municipality","",""
242,169,"NOR","Norway",10,"Nordland",242,"Narvik","NO.NO.NA",NA,"","Kommuner","Municipality","",""
243,169,"NOR","Norway",10,"Nordland",243,"Nesna","NO.NO.NE",NA,"","Kommuner","Municipality","",""
244,169,"NOR","Norway",10,"Nordland",244,"Rødøy","NO.NO.RD",NA,"","Kommuner","Municipality","",""
245,169,"NOR","Norway",10,"Nordland",245,"Røst","NO.NO.RS",NA,"","Kommuner","Municipality","",""
246,169,"NOR","Norway",10,"Nordland",246,"Rana","NO.NO.RA",NA,"","Kommuner","Municipality","",""
247,169,"NOR","Norway",10,"Nordland",247,"Sømna","NO.NO.SM",NA,"","Kommuner","Municipality","",""
248,169,"NOR","Norway",10,"Nordland",248,"Sørfold","NO.NO.SR",NA,"","Kommuner","Municipality","",""
249,169,"NOR","Norway",10,"Nordland",249,"Saltdal","NO.NO.SA",NA,"","Kommuner","Municipality","",""
250,169,"NOR","Norway",10,"Nordland",250,"Skjerstad","NO.NO.SK",NA,"","Kommuner","Municipality","",""
251,169,"NOR","Norway",10,"Nordland",251,"Sortland","NO.NO.SO",NA,"","Kommuner","Municipality","",""
252,169,"NOR","Norway",10,"Nordland",252,"Steigen","NO.NO.ST",NA,"","Kommuner","Municipality","",""
253,169,"NOR","Norway",10,"Nordland",253,"Tjeldsund","NO.NO.TJ",NA,"","Kommuner","Municipality","",""
254,169,"NOR","Norway",10,"Nordland",254,"Træna","NO.NO.TR",NA,"","Kommuner","Municipality","",""
255,169,"NOR","Norway",10,"Nordland",255,"Tysfjord","NO.NO.TY",NA,"","Kommuner","Municipality","",""
256,169,"NOR","Norway",10,"Nordland",256,"Værøy","NO.NO.VR",NA,"","Kommuner","Municipality","",""
257,169,"NOR","Norway",10,"Nordland",257,"Vågan","NO.NO.VA",NA,"","Kommuner","Municipality","",""
258,169,"NOR","Norway",10,"Nordland",258,"Vefsn","NO.NO.VF",NA,"","Kommuner","Municipality","",""
259,169,"NOR","Norway",10,"Nordland",259,"Vega","NO.NO.VG",NA,"","Kommuner","Municipality","",""
260,169,"NOR","Norway",10,"Nordland",260,"Vestvågøy","NO.NO.VV",NA,"","Kommuner","Municipality","",""
261,169,"NOR","Norway",10,"Nordland",261,"Vevelstad","NO.NO.VS",NA,"","Kommuner","Municipality","",""
262,169,"NOR","Norway",11,"Oppland",262,"Østre Toten","NO.OP.OT",NA,"","Kommuner","Municipality","",""
263,169,"NOR","Norway",11,"Oppland",263,"Øyer","NO.OP.OY",NA,"","Kommuner","Municipality","",""
264,169,"NOR","Norway",11,"Oppland",264,"Øystre Slidre","NO.OP.OS",NA,"","Kommuner","Municipality","",""
265,169,"NOR","Norway",11,"Oppland",265,"Dovre","NO.OP.DO",NA,"","Kommuner","Municipality","",""
266,169,"NOR","Norway",11,"Oppland",266,"Etnedal","NO.OP.ET",NA,"","Kommuner","Municipality","",""
267,169,"NOR","Norway",11,"Oppland",267,"Gausdal","NO.OP.GA",NA,"","Kommuner","Municipality","",""
268,169,"NOR","Norway",11,"Oppland",268,"Gjøvik","NO.OP.GJ",NA,"","Kommuner","Municipality","",""
269,169,"NOR","Norway",11,"Oppland",269,"Gran","NO.OP.GR",NA,"","Kommuner","Municipality","",""
270,169,"NOR","Norway",11,"Oppland",270,"Jevnaker","NO.OP.JE",NA,"","Kommuner","Municipality","",""
271,169,"NOR","Norway",11,"Oppland",271,"Lesja","NO.OP.LE",NA,"","Kommuner","Municipality","",""
272,169,"NOR","Norway",11,"Oppland",272,"Lillehammer","NO.OP.LI",NA,"","Kommuner","Municipality","",""
273,169,"NOR","Norway",11,"Oppland",273,"Lom","NO.OP.LO",NA,"","Kommuner","Municipality","",""
274,169,"NOR","Norway",11,"Oppland",274,"Lunner","NO.OP.LU",NA,"","Kommuner","Municipality","",""
275,169,"NOR","Norway",11,"Oppland",275,"Nord-Aurdal","NO.OP.NA",NA,"","Kommuner","Municipality","",""
276,169,"NOR","Norway",11,"Oppland",276,"Nord-Fron","NO.OP.NF",NA,"","Kommuner","Municipality","",""
277,169,"NOR","Norway",11,"Oppland",277,"Nordre Land","NO.OP.NL",NA,"","Kommuner","Municipality","",""
278,169,"NOR","Norway",11,"Oppland",278,"Ringebu","NO.OP.RI",NA,"","Kommuner","Municipality","",""
279,169,"NOR","Norway",11,"Oppland",279,"Søndre Land","NO.OP.SL",NA,"","Kommuner","Municipality","",""
280,169,"NOR","Norway",11,"Oppland",280,"Sør-Aurdal","NO.OP.SA",NA,"","Kommuner","Municipality","",""
281,169,"NOR","Norway",11,"Oppland",281,"Sør-Fron","NO.OP.SF",NA,"","Kommuner","Municipality","",""
282,169,"NOR","Norway",11,"Oppland",282,"Sel","NO.OP.SE",NA,"","Kommuner","Municipality","",""
283,169,"NOR","Norway",11,"Oppland",283,"Skjåk","NO.OP.SK",NA,"","Kommuner","Municipality","",""
284,169,"NOR","Norway",11,"Oppland",284,"Vågå","NO.OP.VG",NA,"","Kommuner","Municipality","",""
285,169,"NOR","Norway",11,"Oppland",285,"Vang","NO.OP.VN",NA,"","Kommuner","Municipality","",""
286,169,"NOR","Norway",11,"Oppland",286,"Vestre Slidre","NO.OP.VS",NA,"","Kommuner","Municipality","",""
287,169,"NOR","Norway",11,"Oppland",287,"Vestre Toten","NO.OP.VT",NA,"","Kommuner","Municipality","",""
288,169,"NOR","Norway",12,"Oslo",288,"Oslo","NO.OS.OS",NA,"","Kommuner","Municipality","",""
289,169,"NOR","Norway",13,"Rogaland",289,"Bjerkreim","NO.RO.BJ",NA,"","Kommuner","Municipality","",""
290,169,"NOR","Norway",13,"Rogaland",290,"Bokn","NO.RO.BO",NA,"","Kommuner","Municipality","",""
291,169,"NOR","Norway",13,"Rogaland",291,"Eigersund","NO.RO.EI",NA,"","Kommuner","Municipality","",""
292,169,"NOR","Norway",13,"Rogaland",292,"Finnøy","NO.RO.FI",NA,"","Kommuner","Municipality","",""
293,169,"NOR","Norway",13,"Rogaland",293,"Forsand","NO.RO.FO",NA,"","Kommuner","Municipality","",""
294,169,"NOR","Norway",13,"Rogaland",294,"Gjesdal","NO.RO.GJ",NA,"","Kommuner","Municipality","",""
295,169,"NOR","Norway",13,"Rogaland",295,"Hå","NO.RO.HA",NA,"","Kommuner","Municipality","",""
296,169,"NOR","Norway",13,"Rogaland",296,"Haugesund","NO.RO.HG",NA,"","Kommuner","Municipality","",""
297,169,"NOR","Norway",13,"Rogaland",297,"Hjelmeland","NO.RO.HJ",NA,"","Kommuner","Municipality","",""
298,169,"NOR","Norway",13,"Rogaland",298,"Karmøy","NO.RO.KA",NA,"","Kommuner","Municipality","",""
299,169,"NOR","Norway",13,"Rogaland",299,"Klepp","NO.RO.KL",NA,"","Kommuner","Municipality","",""
300,169,"NOR","Norway",13,"Rogaland",300,"Kvitsøy","NO.RO.KV",NA,"","Kommuner","Municipality","",""
301,169,"NOR","Norway",13,"Rogaland",301,"Lund","NO.RO.LU",NA,"","Kommuner","Municipality","",""
302,169,"NOR","Norway",13,"Rogaland",302,"Randaberg","NO.RO.RA",NA,"","Kommuner","Municipality","",""
303,169,"NOR","Norway",13,"Rogaland",303,"Rennesøy","NO.RO.RE",NA,"","Kommuner","Municipality","",""
304,169,"NOR","Norway",13,"Rogaland",304,"Sandnes","NO.RO.SN",NA,"","Kommuner","Municipality","",""
305,169,"NOR","Norway",13,"Rogaland",305,"Sauda","NO.RO.SA",NA,"","Kommuner","Municipality","",""
306,169,"NOR","Norway",13,"Rogaland",306,"Sokndal","NO.RO.SK",NA,"","Kommuner","Municipality","",""
307,169,"NOR","Norway",13,"Rogaland",307,"Sola","NO.RO.SL",NA,"","Kommuner","Municipality","",""
308,169,"NOR","Norway",13,"Rogaland",308,"Stavanger","NO.RO.ST",NA,"","Kommuner","Municipality","",""
309,169,"NOR","Norway",13,"Rogaland",309,"Strand","NO.RO.SD",NA,"","Kommuner","Municipality","",""
310,169,"NOR","Norway",13,"Rogaland",310,"Suldal","NO.RO.SU",NA,"","Kommuner","Municipality","",""
311,169,"NOR","Norway",13,"Rogaland",311,"Time","NO.RO.TI",NA,"","Kommuner","Municipality","",""
312,169,"NOR","Norway",13,"Rogaland",312,"Tysvær","NO.RO.TY",NA,"","Kommuner","Municipality","",""
313,169,"NOR","Norway",13,"Rogaland",313,"Utsira","NO.RO.UT",NA,"","Kommuner","Municipality","",""
314,169,"NOR","Norway",13,"Rogaland",314,"Vindafjord","NO.RO.VI",NA,"","Kommuner","Municipality","",""
315,169,"NOR","Norway",14,"Sør-Trøndelag",315,"Ørland","NO.ST.OL",NA,"","Kommuner","Municipality","",""
316,169,"NOR","Norway",14,"Sør-Trøndelag",316,"Åfjord","NO.ST.AF",NA,"","Kommuner","Municipality","",""
317,169,"NOR","Norway",14,"Sør-Trøndelag",317,"Agdenes","NO.ST.AG",NA,"","Kommuner","Municipality","",""
318,169,"NOR","Norway",14,"Sør-Trøndelag",318,"Bjugn","NO.ST.BJ",NA,"","Kommuner","Municipality","",""
319,169,"NOR","Norway",14,"Sør-Trøndelag",319,"Frøya","NO.ST.FR",NA,"","Kommuner","Municipality","",""
320,169,"NOR","Norway",14,"Sør-Trøndelag",320,"Hemne","NO.ST.HE",NA,"","Kommuner","Municipality","",""
321,169,"NOR","Norway",14,"Sør-Trøndelag",321,"Hitra","NO.ST.HI",NA,"","Kommuner","Municipality","",""
322,169,"NOR","Norway",14,"Sør-Trøndelag",322,"Holtålen","NO.ST.HO",NA,"","Kommuner","Municipality","",""
323,169,"NOR","Norway",14,"Sør-Trøndelag",323,"Klæbu","NO.ST.KL",NA,"","Kommuner","Municipality","",""
324,169,"NOR","Norway",14,"Sør-Trøndelag",324,"Malvik","NO.ST.MA",NA,"","Kommuner","Municipality","",""
325,169,"NOR","Norway",14,"Sør-Trøndelag",325,"Meldal","NO.ST.MD",NA,"","Kommuner","Municipality","",""
326,169,"NOR","Norway",14,"Sør-Trøndelag",326,"Melhus","NO.ST.MH",NA,"","Kommuner","Municipality","",""
327,169,"NOR","Norway",14,"Sør-Trøndelag",327,"Midtre Gauldal","NO.ST.MG",NA,"","Kommuner","Municipality","",""
328,169,"NOR","Norway",14,"Sør-Trøndelag",328,"Oppdal","NO.ST.OP",NA,"","Kommuner","Municipality","",""
329,169,"NOR","Norway",14,"Sør-Trøndelag",329,"Orkdal","NO.ST.OK",NA,"","Kommuner","Municipality","",""
330,169,"NOR","Norway",14,"Sør-Trøndelag",330,"Osen","NO.ST.OS",NA,"","Kommuner","Municipality","",""
331,169,"NOR","Norway",14,"Sør-Trøndelag",331,"Røros","NO.ST.RR",NA,"","Kommuner","Municipality","",""
332,169,"NOR","Norway",14,"Sør-Trøndelag",332,"Rennebu","NO.ST.RE",NA,"","Kommuner","Municipality","",""
333,169,"NOR","Norway",14,"Sør-Trøndelag",333,"Rissa","NO.ST.RI",NA,"","Kommuner","Municipality","",""
334,169,"NOR","Norway",14,"Sør-Trøndelag",334,"Roan","NO.ST.RO",NA,"","Kommuner","Municipality","",""
335,169,"NOR","Norway",14,"Sør-Trøndelag",335,"Selbu","NO.ST.SE",NA,"","Kommuner","Municipality","",""
336,169,"NOR","Norway",14,"Sør-Trøndelag",336,"Skaun","NO.ST.SK",NA,"","Kommuner","Municipality","",""
337,169,"NOR","Norway",14,"Sør-Trøndelag",337,"Snillfjord","NO.ST.SN",NA,"","Kommuner","Municipality","",""
338,169,"NOR","Norway",14,"Sør-Trøndelag",338,"Trondheim","NO.ST.TR",NA,"","Kommuner","Municipality","",""
339,169,"NOR","Norway",14,"Sør-Trøndelag",339,"Tydal","NO.ST.TY",NA,"","Kommuner","Municipality","",""
340,169,"NOR","Norway",15,"Sogn og Fjordane",340,"Årdal","NO.SF.AR",NA,"","Kommuner","Municipality","",""
341,169,"NOR","Norway",15,"Sogn og Fjordane",341,"Askvoll","NO.SF.AS",NA,"","Kommuner","Municipality","",""
342,169,"NOR","Norway",15,"Sogn og Fjordane",342,"Aurland","NO.SF.AU",NA,"","Kommuner","Municipality","",""
343,169,"NOR","Norway",15,"Sogn og Fjordane",343,"Balestrand","NO.SF.BA",NA,"","Kommuner","Municipality","",""
344,169,"NOR","Norway",15,"Sogn og Fjordane",344,"Bremanger","NO.SF.BR",NA,"","Kommuner","Municipality","",""
345,169,"NOR","Norway",15,"Sogn og Fjordane",345,"Eid","NO.SF.EI",NA,"","Kommuner","Municipality","",""
346,169,"NOR","Norway",15,"Sogn og Fjordane",346,"Førde","NO.SF.FO",NA,"","Kommuner","Municipality","",""
347,169,"NOR","Norway",15,"Sogn og Fjordane",347,"Fjaler","NO.SF.FJ",NA,"","Kommuner","Municipality","",""
348,169,"NOR","Norway",15,"Sogn og Fjordane",348,"Flora","NO.SF.FL",NA,"","Kommuner","Municipality","",""
349,169,"NOR","Norway",15,"Sogn og Fjordane",349,"Gaular","NO.SF.GA",NA,"","Kommuner","Municipality","",""
350,169,"NOR","Norway",15,"Sogn og Fjordane",350,"Gloppen","NO.SF.GL",NA,"","Kommuner","Municipality","",""
351,169,"NOR","Norway",15,"Sogn og Fjordane",351,"Gulen","NO.SF.GU",NA,"","Kommuner","Municipality","",""
352,169,"NOR","Norway",15,"Sogn og Fjordane",352,"Høyanger","NO.SF.HG",NA,"","Kommuner","Municipality","",""
353,169,"NOR","Norway",15,"Sogn og Fjordane",353,"Hornindal","NO.SF.HR",NA,"","Kommuner","Municipality","",""
354,169,"NOR","Norway",15,"Sogn og Fjordane",354,"Hyllestad","NO.SF.HY",NA,"","Kommuner","Municipality","",""
355,169,"NOR","Norway",15,"Sogn og Fjordane",355,"Jølster","NO.SF.JO",NA,"","Kommuner","Municipality","",""
356,169,"NOR","Norway",15,"Sogn og Fjordane",356,"Lærdal","NO.SF.LA",NA,"","Kommuner","Municipality","",""
357,169,"NOR","Norway",15,"Sogn og Fjordane",357,"Leikanger","NO.SF.LE",NA,"","Kommuner","Municipality","",""
358,169,"NOR","Norway",15,"Sogn og Fjordane",358,"Luster","NO.SF.LU",NA,"","Kommuner","Municipality","",""
359,169,"NOR","Norway",15,"Sogn og Fjordane",359,"Naustdal","NO.SF.NA",NA,"","Kommuner","Municipality","",""
360,169,"NOR","Norway",15,"Sogn og Fjordane",360,"Selje","NO.SF.SE",NA,"","Kommuner","Municipality","",""
361,169,"NOR","Norway",15,"Sogn og Fjordane",361,"Sogndal","NO.SF.SG",NA,"","Kommuner","Municipality","",""
362,169,"NOR","Norway",15,"Sogn og Fjordane",362,"Solund","NO.SF.SL",NA,"","Kommuner","Municipality","",""
363,169,"NOR","Norway",15,"Sogn og Fjordane",363,"Stryn","NO.SF.ST",NA,"","Kommuner","Municipality","",""
364,169,"NOR","Norway",15,"Sogn og Fjordane",364,"Vågsøy","NO.SF.VA",NA,"","Kommuner","Municipality","",""
365,169,"NOR","Norway",15,"Sogn og Fjordane",365,"Vik","NO.SF.VI",NA,"","Kommuner","Municipality","",""
366,169,"NOR","Norway",16,"Telemark",366,"Bø","NO.TE.BO",NA,"","Kommuner","Municipality","",""
367,169,"NOR","Norway",16,"Telemark",367,"Bamble","NO.TE.BA",NA,"","Kommuner","Municipality","",""
368,169,"NOR","Norway",16,"Telemark",368,"Drangedal","NO.TE.DR",NA,"","Kommuner","Municipality","",""
369,169,"NOR","Norway",16,"Telemark",369,"Fyresdal","NO.TE.FY",NA,"","Kommuner","Municipality","",""
370,169,"NOR","Norway",16,"Telemark",370,"Hjartdal","NO.TE.HJ",NA,"","Kommuner","Municipality","",""
371,169,"NOR","Norway",16,"Telemark",371,"Kragerø","NO.TE.KR",NA,"","Kommuner","Municipality","",""
372,169,"NOR","Norway",16,"Telemark",372,"Kviteseid","NO.TE.KV",NA,"","Kommuner","Municipality","","Kvitseid"
373,169,"NOR","Norway",16,"Telemark",373,"Nissedal","NO.TE.NI",NA,"","Kommuner","Municipality","",""
374,169,"NOR","Norway",16,"Telemark",374,"Nome","NO.TE.NM",NA,"","Kommuner","Municipality","",""
375,169,"NOR","Norway",16,"Telemark",375,"Notodden","NO.TE.NT",NA,"","Kommuner","Municipality","",""
376,169,"NOR","Norway",16,"Telemark",376,"Porsgrunn","NO.TE.PO",NA,"","Kommuner","Municipality","",""
377,169,"NOR","Norway",16,"Telemark",377,"Sauherad","NO.TE.SA",NA,"","Kommuner","Municipality","",""
378,169,"NOR","Norway",16,"Telemark",378,"Seljord","NO.TE.SE",NA,"","Kommuner","Municipality","",""
379,169,"NOR","Norway",16,"Telemark",379,"Siljan","NO.TE.SI",NA,"","Kommuner","Municipality","",""
380,169,"NOR","Norway",16,"Telemark",380,"Skien","NO.TE.SK",NA,"","Kommuner","Municipality","",""
381,169,"NOR","Norway",16,"Telemark",381,"Tinn","NO.TE.TI",NA,"","Kommuner","Municipality","",""
382,169,"NOR","Norway",16,"Telemark",382,"Tokke","NO.TE.TO",NA,"","Kommuner","Municipality","",""
383,169,"NOR","Norway",16,"Telemark",383,"Vinje","NO.TE.VI",NA,"","Kommuner","Municipality","",""
384,169,"NOR","Norway",17,"Troms",384,"Balsfjord","NO.TR.BF",NA,"","Kommuner","Municipality","",""
385,169,"NOR","Norway",17,"Troms",385,"Bardu","NO.TR.BD",NA,"","Kommuner","Municipality","",""
386,169,"NOR","Norway",17,"Troms",386,"Berg","NO.TR.BE",NA,"","Kommuner","Municipality","",""
387,169,"NOR","Norway",17,"Troms",387,"Bjarkøy","NO.TR.BJ",NA,"","Kommuner","Municipality","",""
388,169,"NOR","Norway",17,"Troms",388,"Dyrøy","NO.TR.DY",NA,"","Kommuner","Municipality","",""
389,169,"NOR","Norway",17,"Troms",389,"Gratangen","NO.TR.GR",NA,"","Kommuner","Municipality","",""
390,169,"NOR","Norway",17,"Troms",390,"Harstad","NO.TR.HA",NA,"","Kommuner","Municipality","",""
391,169,"NOR","Norway",17,"Troms",391,"Ibestad","NO.TR.IB",NA,"","Kommuner","Municipality","",""
392,169,"NOR","Norway",17,"Troms",392,"Kåfjord","NO.TR.KF",NA,"","Kommuner","Municipality","","G ivuotna"
393,169,"NOR","Norway",17,"Troms",393,"Karlsøy","NO.TR.KR",NA,"","Kommuner","Municipality","",""
394,169,"NOR","Norway",17,"Troms",394,"Kvæfjord","NO.TR.KV",NA,"","Kommuner","Municipality","",""
395,169,"NOR","Norway",17,"Troms",395,"Kvænangen","NO.TR.KN",NA,"","Kommuner","Municipality","",""
396,169,"NOR","Norway",17,"Troms",396,"Lavangen","NO.TR.LA",NA,"","Kommuner","Municipality","",""
397,169,"NOR","Norway",17,"Troms",397,"Lenvik","NO.TR.LE",NA,"","Kommuner","Municipality","",""
398,169,"NOR","Norway",17,"Troms",398,"Lyngen","NO.TR.LY",NA,"","Kommuner","Municipality","",""
399,169,"NOR","Norway",17,"Troms",399,"Målselv","NO.TR.MA",NA,"","Kommuner","Municipality","",""
400,169,"NOR","Norway",17,"Troms",400,"Nordreisa","NO.TR.NO",NA,"","Kommuner","Municipality","",""
401,169,"NOR","Norway",17,"Troms",401,"Sørreisa","NO.TR.SO",NA,"","Kommuner","Municipality","",""
402,169,"NOR","Norway",17,"Troms",402,"Salangen","NO.TR.SA",NA,"","Kommuner","Municipality","",""
403,169,"NOR","Norway",17,"Troms",403,"Skånland","NO.TR.SL",NA,"","Kommuner","Municipality","",""
404,169,"NOR","Norway",17,"Troms",404,"Skjervøy","NO.TR.SK",NA,"","Kommuner","Municipality","",""
405,169,"NOR","Norway",17,"Troms",405,"Storfjord","NO.TR.ST",NA,"","Kommuner","Municipality","",""
406,169,"NOR","Norway",17,"Troms",406,"Torsken","NO.TR.TO",NA,"","Kommuner","Municipality","",""
407,169,"NOR","Norway",17,"Troms",407,"Tranøy","NO.TR.TN",NA,"","Kommuner","Municipality","",""
408,169,"NOR","Norway",17,"Troms",408,"Tromsø","NO.TR.TR",NA,"","Kommuner","Municipality","",""
409,169,"NOR","Norway",18,"Vest-Agder",409,"Åseral","NO.VA.AS",NA,"","Kommuner","Municipality","",""
410,169,"NOR","Norway",18,"Vest-Agder",410,"Audnedal","NO.VA.AU",NA,"","Kommuner","Municipality","",""
411,169,"NOR","Norway",18,"Vest-Agder",411,"Farsund","NO.VA.FA",NA,"","Kommuner","Municipality","",""
412,169,"NOR","Norway",18,"Vest-Agder",412,"Flekkefjord","NO.VA.FL",NA,"","Kommuner","Municipality","",""
413,169,"NOR","Norway",18,"Vest-Agder",413,"Hægebostad","NO.VA.HA",NA,"","Kommuner","Municipality","",""
414,169,"NOR","Norway",18,"Vest-Agder",414,"Kristiansand","NO.VA.KR",NA,"","Kommuner","Municipality","",""
415,169,"NOR","Norway",18,"Vest-Agder",415,"Kvinesdal","NO.VA.KV",NA,"","Kommuner","Municipality","",""
416,169,"NOR","Norway",18,"Vest-Agder",416,"Lindesnes","NO.VA.LI",NA,"","Kommuner","Municipality","",""
417,169,"NOR","Norway",18,"Vest-Agder",417,"Lyngdal","NO.VA.LY",NA,"","Kommuner","Municipality","",""
418,169,"NOR","Norway",18,"Vest-Agder",418,"Mandal","NO.VA.MN",NA,"","Kommuner","Municipality","",""
419,169,"NOR","Norway",18,"Vest-Agder",419,"Marnardal","NO.VA.MR",NA,"","Kommuner","Municipality","","Marnadal"
420,169,"NOR","Norway",18,"Vest-Agder",420,"Søgne","NO.VA.SG",NA,"","Kommuner","Municipality","",""
421,169,"NOR","Norway",18,"Vest-Agder",421,"Sirdal","NO.VA.SI",NA,"","Kommuner","Municipality","",""
422,169,"NOR","Norway",18,"Vest-Agder",422,"Songdalen","NO.VA.SD",NA,"","Kommuner","Municipality","",""
423,169,"NOR","Norway",18,"Vest-Agder",423,"Vennesla","NO.VA.VE",NA,"","Kommuner","Municipality","",""
424,169,"NOR","Norway",19,"Vestfold",424,"Andebu","NO.VF.AN",NA,"","Kommuner","Municipality","",""
425,169,"NOR","Norway",19,"Vestfold",425,"Borre","",NA,"","Kommuner","Municipality","",""
426,169,"NOR","Norway",19,"Vestfold",426,"Hof","NO.VF.HF",NA,"","Kommuner","Municipality","",""
427,169,"NOR","Norway",19,"Vestfold",427,"Holmestrand","NO.VF.HS",NA,"","Kommuner","Municipality","",""
428,169,"NOR","Norway",19,"Vestfold",428,"Lardal","NO.VF.LD",NA,"","Kommuner","Municipality","",""
429,169,"NOR","Norway",19,"Vestfold",429,"Larvik","NO.VF.LV",NA,"","Kommuner","Municipality","",""
430,169,"NOR","Norway",19,"Vestfold",430,"Nøtterøy","NO.VF.NO",NA,"","Kommuner","Municipality","",""
431,169,"NOR","Norway",19,"Vestfold",431,"Ramnes","",NA,"","Kommuner","Municipality","",""
432,169,"NOR","Norway",19,"Vestfold",432,"Sandefjord","NO.VF.SF",NA,"","Kommuner","Municipality","",""
433,169,"NOR","Norway",19,"Vestfold",433,"Sande","NO.VF.SA",NA,"","Kommuner","Municipality","",""
434,169,"NOR","Norway",19,"Vestfold",434,"Stokke","NO.VF.ST",NA,"","Kommuner","Municipality","",""
435,169,"NOR","Norway",19,"Vestfold",435,"Svelvik","NO.VF.SV",NA,"","Kommuner","Municipality","",""
436,169,"NOR","Norway",19,"Vestfold",436,"Tønsberg","NO.VF.TO",NA,"","Kommuner","Municipality","",""
437,169,"NOR","Norway",19,"Vestfold",437,"Tjøme","NO.VF.TJ",NA,"","Kommuner","Municipality","",""
438,169,"NOR","Norway",19,"Vestfold",438,"Vaale","",NA,"","Kommuner","Municipality","",""
